{
  "p": 0.18474135159465016,
  "i": 0.10335612425697303,
  "d": -0.05486008159007777
}